<?xml version="1.0" encoding="utf-8"?>
<odoo>
    <data noupdate="1">

        <!-- Sequences for product.transfer.internal -->
        <record id="seq_product_transfer_internal" model="ir.sequence">
            <field name="name">Product Transfer Internal</field>
            <field name="code">product.transfer.internal</field>
            <field name="prefix">RPT</field>
            <field name="padding">5</field>
            <field name="number_increment">1</field>
            <field name="company_id" eval="False"/>
        </record>

    </data>
</odoo>
